-- phpMyAdmin SQL Dump
-- version 5.2.1
-- https://www.phpmyadmin.net/
--
-- Host: 127.0.0.1
-- Generation Time: Jun 27, 2024 at 12:13 PM
-- Server version: 10.4.32-MariaDB
-- PHP Version: 8.2.12

SET SQL_MODE = "NO_AUTO_VALUE_ON_ZERO";
START TRANSACTION;
SET time_zone = "+00:00";


/*!40101 SET @OLD_CHARACTER_SET_CLIENT=@@CHARACTER_SET_CLIENT */;
/*!40101 SET @OLD_CHARACTER_SET_RESULTS=@@CHARACTER_SET_RESULTS */;
/*!40101 SET @OLD_COLLATION_CONNECTION=@@COLLATION_CONNECTION */;
/*!40101 SET NAMES utf8mb4 */;

--
-- Database: `testConnector`
--

-- --------------------------------------------------------

--
-- Table structure for table `exam`
--

CREATE TABLE `exam` (
  `Exam_ID` int(11) NOT NULL,
  `Patient_ID` int(11) DEFAULT NULL,
  `MD_ID` int(11) DEFAULT NULL,
  `Room_ID` varchar(10) DEFAULT NULL,
  `Start_Time` time DEFAULT NULL,
  `Finish_Time` time DEFAULT NULL,
  `Anesthesia` char(1) DEFAULT NULL
) ENGINE=InnoDB DEFAULT CHARSET=utf8mb4 COLLATE=utf8mb4_general_ci;

--
-- Dumping data for table `exam`
--

INSERT INTO `exam` (`Exam_ID`, `Patient_ID`, `MD_ID`, `Room_ID`, `Start_Time`, `Finish_Time`, `Anesthesia`) VALUES
(1, 109, 4, 'IR1', '23:37:26', '00:19:47', 'N'),
(2, 35, 4, 'IR2', '08:25:05', '08:49:40', 'N'),
(3, 108, 30, 'IR2', '09:10:04', '09:50:36', 'N'),
(4, 46, 28, 'IR3', '10:09:45', '10:28:29', 'N'),
(5, 163, 24, 'IR1', '08:41:17', '12:07:42', 'N'),
(6, 75, 19, 'IR2', '12:28:09', '12:58:43', 'N'),
(7, 43, 15, 'IR1', '13:13:43', '13:29:47', 'N'),
(8, 57, 13, 'IR3', '12:49:35', '13:38:51', 'N'),
(9, 77, 23, 'IR2', '13:54:27', '14:24:24', 'N'),
(10, 140, 17, 'IR3', '15:15:43', '15:56:41', 'N'),
(11, 160, 27, 'IR1', '14:30:46', '17:13:30', 'N'),
(12, 141, 16, 'IR2', '16:01:49', '16:42:17', 'N'),
(13, 45, 1, 'IR1', '18:06:46', '18:39:29', 'N'),
(14, 148, 25, 'IR2', '08:32:11', '09:12:45', 'N'),
(15, 32, 23, 'IR3', '09:04:41', '09:45:58', 'N'),
(16, 159, 17, 'IR1', '08:19:03', '09:50:48', 'N'),
(17, 162, 16, 'IR1', '10:15:36', '10:22:49', 'N'),
(18, 123, 27, 'IR2', '10:00:56', '10:55:34', 'N'),
(19, 74, 12, 'IR3', '10:38:39', '11:26:17', 'N'),
(20, 66, 22, 'IR1', '11:00:13', '12:30:36', 'N'),
(21, 57, 18, 'IR2', '13:05:17', '14:10:58', 'N'),
(22, 77, 29, 'IR1', '14:03:26', '14:10:38', 'N'),
(23, 119, 2, 'IR3', '14:05:19', '16:25:32', 'N'),
(24, 53, 13, 'IR2', '15:00:29', '15:24:05', 'N'),
(25, 124, 17, 'IR1', '15:14:05', '15:45:56', 'N'),
(26, 167, 15, 'IR1', '16:09:11', '16:32:27', 'N'),
(27, 85, 5, 'IR1', '17:28:59', '18:11:43', 'N'),
(28, 155, 16, 'IR2', '16:56:02', '18:45:11', 'N'),
(29, 104, 10, 'IR3', '08:48:17', '09:01:28', 'N'),
(30, 160, 6, 'IR2', '08:27:54', '08:56:27', 'N'),
(31, 23, 14, 'IR2', '09:39:29', '10:09:11', 'N'),
(32, 41, 20, 'IR1', '09:12:50', '10:36:00', 'N'),
(33, 65, 7, 'IR1', '11:37:31', '12:00:32', 'Y'),
(34, 76, 17, 'IR2', '12:35:12', '13:38:24', 'Y'),
(35, 13, 1, 'IR2', '14:37:51', '15:09:38', 'Y'),
(36, 59, 8, 'IR1', '14:10:34', '15:17:27', 'N'),
(37, 139, 12, 'IR3', '15:29:14', '16:09:31', 'N'),
(38, 94, 10, 'IR1', '16:07:45', '16:46:31', 'N'),
(39, 22, 7, 'IR1', '08:31:00', '08:58:53', 'N'),
(40, 166, 22, 'IR2', '08:48:39', '09:30:57', 'N'),
(41, 2, 19, 'IR3', '08:42:58', '09:16:28', 'N'),
(42, 139, 24, 'IR3', '10:06:30', '10:32:03', 'N'),
(43, 30, 29, 'IR1', '10:40:09', '11:50:07', 'N'),
(44, 164, 12, 'IR3', '11:41:48', '12:12:54', 'N'),
(45, 4, 26, 'IR2', '11:54:26', '12:51:33', 'N'),
(46, 60, 22, 'IR1', '13:09:19', '13:22:31', 'N'),
(47, 105, 26, 'IR2', '13:40:55', '14:34:14', 'N'),
(48, 98, 27, 'IR1', '15:12:33', '15:37:16', 'N'),
(49, 26, 20, 'IR1', '15:18:05', '15:37:11', 'N'),
(50, 31, 18, 'IR3', '15:36:38', '16:16:51', 'N'),
(51, 76, 23, 'IR2', '16:07:47', '16:44:59', 'Y'),
(52, 120, 7, 'IR1', '19:47:07', '20:19:52', 'N'),
(53, 16, 30, 'IR1', '14:13:05', '15:00:19', 'N'),
(54, 169, 6, 'IR1', '08:57:16', '10:46:35', 'Y'),
(55, 58, 29, 'IR3', '10:58:05', '11:23:14', 'N'),
(56, 60, 19, 'IR2', '11:41:03', '12:04:36', 'N'),
(57, 13, 12, 'IR3', '12:21:20', '13:46:13', 'N'),
(58, 123, 29, 'IR2', '13:36:58', '14:21:47', 'Y'),
(59, 8, 8, 'IR3', '14:08:45', '15:03:06', 'N'),
(60, 99, 30, 'IR2', '15:27:55', '17:39:55', 'N'),
(61, 85, 9, 'IR1', '13:47:16', '17:19:30', 'Y'),
(62, 54, 19, 'IR3', '16:19:58', '17:23:48', 'Y'),
(63, 175, 29, 'IR1', '08:30:10', '09:20:08', 'Y'),
(64, 151, 6, 'IR2', '08:11:39', '09:11:59', 'Y'),
(65, 16, 22, 'IR3', '09:20:05', '09:46:38', 'Y'),
(66, 113, 14, 'IR1', '11:08:28', '11:39:09', 'Y'),
(67, 154, 27, 'IR2', '11:28:49', '12:18:47', 'Y'),
(68, 52, 25, 'IR3', '12:29:18', '12:49:38', 'N'),
(69, 20, 22, 'IR1', '13:21:36', '14:06:32', 'N'),
(70, 93, 11, 'IR2', '14:22:10', '15:17:17', 'N'),
(71, 157, 26, 'IR1', '15:16:21', '15:49:23', 'N'),
(72, 54, 4, 'IR1', '17:10:59', '17:32:38', 'N'),
(73, 140, 15, 'IR2', '08:29:22', '08:52:20', 'N'),
(74, 135, 19, 'IR1', '08:25:13', '09:22:46', 'N'),
(75, 163, 1, 'IR3', '09:38:24', '10:01:02', 'N'),
(76, 171, 3, 'IR2', '09:44:47', '10:49:46', 'N'),
(77, 122, 29, 'IR3', '10:40:05', '11:22:59', 'N'),
(78, 1, 22, 'IR2', '11:27:15', '11:58:22', 'N'),
(79, 179, 15, 'IR3', '11:46:30', '12:16:40', 'N'),
(80, 19, 6, 'IR1', '13:33:43', '14:01:23', 'N'),
(81, 152, 17, 'IR3', '13:30:46', '14:11:15', 'N'),
(82, 16, 1, 'IR2', '13:26:42', '14:54:53', 'N'),
(83, 172, 10, 'IR2', '15:44:26', '16:42:34', 'N'),
(84, 76, 14, 'IR1', '14:58:50', '16:58:07', 'N'),
(85, 80, 9, 'IR1', '08:18:02', '08:42:33', 'N'),
(86, 41, 21, 'IR1', '09:33:17', '10:35:24', 'N'),
(87, 152, 13, 'IR3', '10:59:15', '11:46:39', 'N'),
(88, 60, 2, 'IR2', '08:50:02', '12:28:32', 'N'),
(89, 87, 20, 'IR3', '13:42:43', '14:01:10', 'N'),
(90, 44, 26, 'IR1', '12:18:45', '14:40:59', 'N'),
(91, 138, 8, 'IR2', '13:53:03', '14:38:40', 'N'),
(92, 71, 22, 'IR3', '14:52:44', '15:21:06', 'N'),
(93, 7, 15, 'IR2', '15:18:07', '16:55:12', 'N'),
(94, 164, 26, 'IR1', '08:27:27', '08:49:10', 'N'),
(95, 71, 21, 'IR1', '09:30:43', '09:55:24', 'N'),
(96, 120, 5, 'IR2', '09:47:57', '10:16:58', 'N'),
(97, 46, 13, 'IR2', '11:10:06', '11:56:55', 'N'),
(98, 83, 7, 'IR3', '10:05:48', '13:01:54', 'N'),
(99, 115, 22, 'IR2', '13:31:26', '14:06:10', 'N'),
(100, 158, 30, 'IR3', '14:15:40', '15:00:40', 'N'),
(101, 102, 4, 'IR2', '15:35:05', '15:59:19', 'N'),
(102, 98, 15, 'IR3', '16:03:16', '16:53:51', 'N'),
(103, 109, 24, 'IR2', '16:14:13', '16:43:51', 'N'),
(104, 126, 12, 'IR1', '14:10:31', '18:20:00', 'N'),
(105, 59, 16, 'IR1', '10:46:46', '11:11:55', 'N'),
(106, 93, 30, 'IR3', '08:37:08', '09:13:39', 'N'),
(107, 109, 2, 'IR3', '10:01:08', '10:27:09', 'N'),
(108, 14, 11, 'IR3', '10:53:39', '11:16:42', 'N'),
(109, 165, 22, 'IR1', '10:09:48', '12:56:12', 'N'),
(110, 120, 19, 'IR2', '08:59:10', '11:36:41', 'N'),
(111, 87, 21, 'IR3', '11:41:58', '11:57:33', 'N'),
(112, 14, 15, 'IR3', '12:30:28', '13:15:12', 'N'),
(113, 122, 8, 'IR1', '13:35:33', '13:59:14', 'N'),
(114, 3, 6, 'IR2', '12:30:28', '13:54:03', 'N'),
(115, 156, 12, 'IR3', '14:39:08', '15:17:16', 'N'),
(116, 2, 24, 'IR1', '15:40:00', '16:14:11', 'N'),
(117, 96, 30, 'IR3', '14:00:52', '15:17:01', 'N'),
(118, 86, 29, 'IR1', '08:29:11', '08:51:02', 'N'),
(119, 164, 1, 'IR2', '09:20:57', '10:01:49', 'N'),
(120, 160, 26, 'IR1', '10:05:29', '11:34:32', 'N'),
(121, 120, 24, 'IR2', '11:46:49', '12:11:47', 'N'),
(122, 41, 3, 'IR2', '14:07:22', '14:28:36', 'N'),
(123, 177, 14, 'IR1', '13:19:50', '14:08:59', 'N'),
(124, 10, 17, 'IR1', '15:06:43', '16:39:26', 'N'),
(125, 151, 11, 'IR2', '15:09:29', '15:42:34', 'N'),
(126, 61, 19, 'IR2', '15:09:35', '15:42:39', 'N'),
(127, 153, 19, 'IR1', '15:05:48', '16:39:31', 'N'),
(128, 152, 20, 'IR1', '21:48:06', '22:46:10', 'N'),
(129, 175, 2, 'IR2', '08:38:10', '09:49:12', 'N'),
(130, 46, 12, 'IR1', '08:22:38', '09:43:38', 'N'),
(131, 171, 26, 'IR3', '09:28:05', '10:11:19', 'N'),
(132, 81, 19, 'IR1', '10:52:42', '12:27:36', 'N'),
(133, 65, 26, 'IR2', '13:14:24', '13:44:46', 'N'),
(134, 159, 7, 'IR3', '14:22:17', '15:01:52', 'N'),
(135, 97, 20, 'IR1', '14:09:32', '15:08:06', 'N'),
(136, 63, 2, 'IR2', '14:44:38', '15:40:39', 'N'),
(137, 117, 16, 'IR1', '14:09:36', '15:08:10', 'N'),
(138, 134, 16, 'IR1', '15:46:24', '16:13:47', 'N'),
(139, 66, 28, 'IR2', '08:26:35', '09:36:26', 'N'),
(140, 66, 5, 'IR3', '09:16:53', '09:42:21', 'N'),
(141, 174, 5, 'IR1', '08:35:58', '10:07:57', 'N'),
(142, 124, 30, 'IR2', '11:34:30', '12:07:23', 'N'),
(143, 74, 7, 'IR1', '11:24:26', '12:24:01', 'N'),
(144, 100, 4, 'IR2', '12:40:12', '13:10:59', 'N'),
(145, 96, 15, 'IR1', '13:35:55', '13:53:21', 'N'),
(146, 94, 17, 'IR3', '14:19:37', '14:35:56', 'N'),
(147, 153, 20, 'IR1', '14:57:07', '15:32:44', 'N'),
(148, 90, 28, 'IR3', '15:12:34', '15:38:56', 'N'),
(149, 162, 27, 'IR3', '09:47:27', '10:58:54', 'N'),
(150, 172, 20, 'IR2', '08:53:39', '09:33:01', 'N'),
(151, 23, 24, 'IR2', '10:13:57', '10:44:30', 'N'),
(152, 81, 15, 'IR1', '09:30:33', '11:26:29', 'N'),
(153, 161, 17, 'IR3', '12:05:19', '13:01:44', 'N'),
(154, 82, 14, 'IR1', '12:06:00', '12:48:01', 'N'),
(155, 39, 29, 'IR2', '13:33:03', '14:00:14', 'N'),
(156, 119, 5, 'IR3', '13:59:06', '14:34:28', 'N'),
(157, 104, 13, 'IR1', '14:32:38', '15:23:21', 'N'),
(158, 114, 8, 'IR1', '17:58:10', '19:19:45', 'N'),
(159, 101, 16, 'IR1', '17:12:12', '17:39:43', 'N'),
(160, 61, 7, 'IR1', '18:22:05', '19:31:51', 'N'),
(161, 70, 16, 'IR3', '09:11:01', '09:29:34', 'N'),
(162, 57, 5, 'IR3', '09:59:48', '10:23:39', 'N'),
(163, 149, 20, 'IR1', '08:58:31', '10:53:40', 'N'),
(164, 144, 21, 'IR2', '10:34:35', '10:53:35', 'N'),
(165, 171, 7, 'IR3', '11:08:00', '11:25:30', 'N'),
(166, 176, 24, 'IR1', '13:58:53', '14:34:32', 'N'),
(167, 80, 13, 'IR1', '15:10:54', '15:47:00', 'N'),
(168, 133, 28, 'IR2', '15:09:27', '18:06:50', 'N'),
(169, 33, 18, 'IR2', '08:55:43', '12:41:41', 'N'),
(170, 167, 16, 'IR1', '11:03:10', '13:28:29', 'N'),
(171, 172, 13, 'IR2', '14:16:01', '15:33:12', 'N'),
(172, 30, 2, 'IR1', '15:09:42', '16:24:42', 'N'),
(173, 30, 17, 'IR2', '09:02:47', '09:48:51', 'N'),
(174, 148, 7, 'IR3', '09:53:56', '10:20:29', 'N'),
(175, 57, 12, 'IR2', '10:27:57', '11:15:56', 'N'),
(176, 45, 11, 'IR1', '10:55:08', '11:33:32', 'N'),
(177, 34, 16, 'IR2', '13:27:35', '13:53:47', 'N'),
(178, 156, 4, 'IR1', '14:07:37', '15:28:47', 'N'),
(179, 17, 20, 'IR3', '08:21:58', '08:50:37', 'N'),
(180, 27, 10, 'IR1', '08:26:57', '09:56:45', 'N'),
(181, 42, 1, 'IR2', '09:57:19', '10:19:01', 'N'),
(182, 47, 18, 'IR3', '09:53:42', '10:35:12', 'N'),
(183, 177, 22, 'IR1', '10:33:08', '10:58:03', 'N'),
(184, 11, 17, 'IR1', '12:34:23', '12:54:51', 'N'),
(185, 147, 28, 'IR2', '11:23:45', '12:51:40', 'N'),
(186, 115, 1, 'IR3', '12:19:52', '12:34:49', 'N'),
(187, 86, 24, 'IR1', '13:39:09', '14:16:34', 'N'),
(188, 45, 7, 'IR1', '14:43:08', '16:37:24', 'N'),
(189, 158, 26, 'IR3', '16:01:24', '16:56:41', 'N'),
(190, 72, 28, 'IR2', '16:11:43', '16:37:47', 'N'),
(191, 83, 14, 'IR1', '16:48:50', '17:09:45', 'N'),
(192, 17, 17, 'IR1', '17:42:32', '18:43:06', 'N'),
(193, 15, 15, 'IR1', '08:26:00', '09:18:17', 'N'),
(194, 153, 24, 'IR2', '09:44:47', '10:23:18', 'N'),
(195, 148, 27, 'IR1', '10:02:33', '12:00:21', 'N'),
(196, 8, 27, 'IR3', '12:41:07', '12:56:17', 'N'),
(197, 121, 30, 'IR1', '13:59:28', '14:20:26', 'N'),
(198, 76, 16, 'IR3', '15:04:51', '18:15:42', 'N'),
(199, 57, 8, 'IR2', '14:57:17', '15:33:03', 'N'),
(200, 59, 14, 'IR2', '18:11:27', '20:52:17', 'N'),
(201, 158, 29, 'IR2', '22:37:03', '00:34:19', 'N'),
(202, 45, 4, 'IR1', '08:21:35', '10:09:06', 'N'),
(203, 42, 8, 'IR3', '10:05:57', '10:30:36', 'N'),
(204, 54, 25, 'IR3', '08:46:05', '09:26:22', 'N'),
(205, 61, 17, 'IR3', '11:10:04', '11:30:35', 'N'),
(206, 117, 15, 'IR3', '12:09:04', '13:27:20', 'N'),
(207, 34, 22, 'IR2', '14:11:39', '15:15:55', 'N'),
(208, 38, 23, 'IR3', '14:44:38', '15:01:20', 'N'),
(209, 15, 17, 'IR1', '15:19:43', '15:45:42', 'N'),
(210, 7, 25, 'IR3', '16:00:39', '17:01:59', 'N'),
(211, 44, 9, 'IR2', '16:19:58', '17:15:00', 'N'),
(212, 20, 8, 'IR3', '17:20:07', '17:54:04', 'N'),
(213, 131, 1, 'IR1', '16:40:58', '19:39:46', 'N'),
(214, 69, 29, 'IR1', '08:08:29', '08:34:56', 'N'),
(215, 160, 26, 'IR3', '08:45:06', '09:03:25', 'N');

-- --------------------------------------------------------

--
-- Table structure for table `ir_room`
--

CREATE TABLE `ir_room` (
  `RoomID` varchar(6) DEFAULT NULL,
  `Equipment` varchar(18) DEFAULT NULL,
  `Capability` varchar(26) DEFAULT NULL
) ENGINE=InnoDB DEFAULT CHARSET=utf8mb4 COLLATE=utf8mb4_general_ci;

--
-- Dumping data for table `ir_room`
--

INSERT INTO `ir_room` (`RoomID`, `Equipment`, `Capability`) VALUES
('IR1', 'MRI Scanner', 'Magnetic Resonance Imaging'),
('IR2', 'CT Scanner', 'Computed Tomography'),
('IR3', 'Ultrasound Machine', 'Ultrasonography');

-- --------------------------------------------------------

--
-- Table structure for table `md`
--

CREATE TABLE `md` (
  `MD_ID` varchar(5) DEFAULT NULL,
  `NAME` varchar(4) DEFAULT NULL,
  `PAGER NUMBER` varchar(12) DEFAULT NULL,
  `PHONE NUMBER` varchar(12) DEFAULT NULL,
  `SPECIALTY` varchar(19) DEFAULT NULL,
  `WORKING ADDRESS` varchar(15) DEFAULT NULL
) ENGINE=InnoDB DEFAULT CHARSET=utf8mb4 COLLATE=utf8mb4_general_ci;

--
-- Dumping data for table `md`
--

INSERT INTO `md` (`MD_ID`, `NAME`, `PAGER NUMBER`, `PHONE NUMBER`, `SPECIALTY`, `WORKING ADDRESS`) VALUES
('1', 'MD1', '90001', '480710668', 'Heart Failure', 'PHOENIX'),
('2', 'MD2', '90002', '480719369', 'Heart Failure', 'PHOENIX'),
('3', 'MD3', '90003', '480724592', 'Heart Failure', 'PHOENIX'),
('4', 'MD4', '90004', '480726531', 'Heart Failure', 'PHOENIX'),
('5', 'MD5', '90005', '480728388', 'Heart Failure', 'PHOENIX'),
('6', 'MD6', '90006', '480717173', 'Card ', 'PHOENIX'),
('7', 'MD7', '90007', '480726723', 'Card ', 'PHOENIX'),
('8', 'MD8', '90008', '480724687', 'Card ', 'PHOENIX'),
('9', 'MD9', '90009', '480706196', 'Card ', 'PHOENIX'),
('10', 'MD10', '90010', '480702515', 'IR', 'PHOENIX'),
('11', 'MD11', '90011', '480719119', 'IR', 'PHOENIX'),
('12', 'MD12', '90012', '480705519', 'IR', 'PHOENIX'),
('13', 'MD13', '90013', '480729618', 'IR', 'PHOENIX'),
('14', 'MD14', '90014', '480709455', 'IR', 'PHOENIX'),
('15', 'MD15', '90015', '480717245', 'IR', 'PHOENIX'),
('16', 'MD16', '90016', '480725188', 'Neuro IR', 'PHOENIX'),
('17', 'MD17', '90017', '480710166', 'Vascular surgery ', 'PHOENIX'),
('18', 'MD18', '90018', '480714475', 'Vascular surgery ', 'PHOENIX'),
('19', 'MD19', '90019', '480708427', 'Vascular surgery ', 'PHOENIX'),
('20', 'MD20', '90020', '480700346', 'Neuro surgery ', 'PHOENIX'),
('21', 'MD21', '90021', '480708453', 'Neuro surgery ', 'PHOENIX'),
('22', 'MD22', '90022', '480717145', 'Eletro psychologiy ', 'PHOENIX'),
('23', 'MD23', '90023', '480728302', 'Eletro psychologiy ', 'PHOENIX'),
('24', 'MD24', '90024', '480707733', 'Eletro psychologiy ', 'PHOENIX'),
('25', 'MD25', '90025', '480708684', 'Eletro psychologiy ', 'PHOENIX'),
('26', 'MD26', '90026', '480726594', 'Eletro psychologiy ', 'PHOENIX'),
('27', 'MD27', '90027', '480718318', 'IR', 'PHOENIX'),
('28', 'MD28', '90028', '480711336', 'Neuro IR', 'PHOENIX'),
('29', 'MD29', '90029', '480712411', 'IR', 'PHOENIX'),
('30', 'MD30', '90030', '480717248', 'Eletro psychologiy ', 'PHOENIX'),
('31', 'MD31', '90031', '480710599', 'Card ', 'PHOENIX'),
('32', 'MD32', '90032', '480701415', 'Eletro psychologiy ', 'PHOENIX');

-- --------------------------------------------------------

--
-- Table structure for table `patient`
--

CREATE TABLE `patient` (
  `Patient_ID` varchar(10) DEFAULT NULL,
  `Gender` varchar(6) DEFAULT NULL,
  `Address` varchar(10) DEFAULT NULL,
  `IP_OP` varchar(5) DEFAULT NULL,
  `BAY_AREA` varchar(8) DEFAULT NULL,
  `SCHEDULED_EXAM_TIME` varchar(19) DEFAULT NULL
) ENGINE=InnoDB DEFAULT CHARSET=utf8mb4 COLLATE=utf8mb4_general_ci;

--
-- Dumping data for table `patient`
--

INSERT INTO `patient` (`Patient_ID`, `Gender`, `Address`, `IP_OP`, `BAY_AREA`, `SCHEDULED_EXAM_TIME`) VALUES
('1', 'MALE', 'Phoenix', 'IP', '4', '04:06:19'),
('2', 'MALE', 'Scottsdale', 'IP', '1', '12:32:57'),
('3', 'MALE', 'Phoenix', 'IP', '2', '14:52:49'),
('4', 'MALE', 'Scottsdale', 'IP', '2', '04:06:19'),
('5', 'MALE', 'Phoenix', 'IP', '3', '12:32:57'),
('6', 'MALE', 'Scottsdale', 'IP', '4', '14:52:49'),
('7', 'MALE', 'Phoenix', 'IP', '3', '04:06:19'),
('8', 'MALE', 'Scottsdale', 'IP', '1', '12:32:57'),
('9', 'MALE', 'Phoenix', 'IP', '2', '14:52:49'),
('10', 'MALE', 'Scottsdale', 'IP', '1', '04:06:19'),
('11', 'MALE', 'Phoenix', 'IP', '1', '12:32:57'),
('12', 'MALE', 'Scottsdale', 'IP', '5', '14:52:49'),
('13', 'MALE', 'Phoenix', 'IP', '4', '04:06:19'),
('14', 'MALE', 'Scottsdale', 'IP', '4', '12:32:57'),
('15', 'MALE', 'Phoenix', 'IP', '5', '14:52:49'),
('16', 'MALE', 'Scottsdale', 'IP', '3', '04:06:19'),
('17', 'MALE', 'Phoenix', 'IP', '4', '12:32:57'),
('18', 'MALE', 'Scottsdale', 'IP', '2', '14:52:49'),
('19', 'MALE', 'Phoenix', 'IP', '5', '04:06:19'),
('20', 'MALE', 'Scottsdale', 'IP', '2', '12:32:57'),
('21', 'MALE', 'Phoenix', 'IP', '5', '14:52:49'),
('22', 'MALE', 'Scottsdale', 'IP', '5', '04:06:19'),
('23', 'MALE', 'Phoenix', 'IP', '3', '12:32:57'),
('24', 'MALE', 'Scottsdale', 'IP', '5', '14:52:49'),
('25', 'MALE', 'Tempe', 'IP', '1', '04:06:19'),
('26', 'FEMALE', 'Mesa', 'IP', '1', '12:32:57'),
('27', 'FEMALE', 'Tempe', 'IP', '3', '14:52:49'),
('28', 'FEMALE', 'Mesa', 'IP', '4', '04:06:19'),
('29', 'FEMALE', 'Tempe', 'IP', '4', '12:32:57'),
('30', 'FEMALE', 'Mesa', 'IP', '4', '14:52:49'),
('31', 'FEMALE', 'Tempe', 'IP', '5', '04:06:19'),
('32', 'FEMALE', 'Mesa', 'OP', '4', '04:06:19'),
('33', 'FEMALE', 'Tempe', 'OP', '5', '12:32:57'),
('34', 'FEMALE', 'Mesa', 'OP', '4', '14:52:49'),
('35', 'FEMALE', 'Tempe', 'OP', '5', '03:45:30'),
('36', 'FEMALE', 'Mesa', 'OP', '4', '12:32:12'),
('37', 'FEMALE', 'Tempe', 'OP', '5', '13:05:12'),
('38', 'FEMALE', 'Mesa', 'OP', '4', '15:11:07'),
('39', 'FEMALE', 'Tempe', 'OP', '5', '15:22:07'),
('40', 'FEMALE', 'Mesa', 'OP', '4', '04:53:38'),
('41', 'FEMALE', 'Tempe', 'OP', '5', '08:20:13'),
('42', 'FEMALE', 'Mesa', 'OP', '4', '21:47:33'),
('43', 'FEMALE', 'Tempe', 'OP', '5', '17:48:13'),
('44', 'FEMALE', 'Mesa', 'OP', '4', '16:13:18'),
('45', 'FEMALE', 'Tempe', 'OP', '5', '15:43:19'),
('46', 'FEMALE', 'Mesa', 'OP', '4', '13:53:48'),
('47', 'FEMALE', 'Tempe', 'OP', '5', '18:52:03'),
('48', 'FEMALE', 'Mesa', 'OP', '4', '07:20:03'),
('49', 'FEMALE', 'Tempe', 'OP', '5', '09:51:17'),
('50', 'FEMALE', 'Mesa', 'OP', '4', '19:13:02'),
('51', 'FEMALE', 'Tempe', 'OP', '5', '11:42:37'),
('52', 'FEMALE', 'Mesa', 'OP', '4', '20:45:11'),
('53', 'FEMALE', 'Tempe', 'OP', '5', '01:41:57'),
('54', 'FEMALE', 'Mesa', 'OP', '4', '21:09:25'),
('55', 'FEMALE', 'Tempe', 'OP', '5', '03:55:10'),
('56', 'FEMALE', 'Mesa', 'OP', '4', '04:30:25'),
('57', 'FEMALE', 'Tempe', 'OP', '5', '01:58:14'),
('58', 'FEMALE', 'Mesa', 'OP', '4', '04:58:55'),
('59', 'FEMALE', 'Tempe', 'OP', '5', '05:37:07'),
('60', 'FEMALE', 'Mesa', 'OP', '4', '10:29:46'),
('61', 'FEMALE', 'Tempe', 'OP', '5', '01:36:18'),
('62', 'FEMALE', 'Mesa', 'OP', '4', '12:18:49'),
('63', 'FEMALE', 'Tempe', 'OP', '5', '14:28:34'),
('64', 'FEMALE', 'Mesa', 'OP', '4', '16:50:57'),
('65', 'FEMALE', 'Tempe', 'OP', '5', '06:07:43'),
('66', 'FEMALE', 'Mesa', 'OP', '4', '15:03:39'),
('67', 'FEMALE', 'Tempe', 'OP', '5', '10:23:20'),
('68', 'FEMALE', 'Mesa', 'OP', '4', '16:12:32'),
('69', 'FEMALE', 'Tempe', 'OP', '5', '23:05:42'),
('70', 'FEMALE', 'Mesa', 'OP', '4', '20:33:12'),
('71', 'FEMALE', 'Tempe', 'OP', '5', '06:38:00'),
('72', 'FEMALE', 'Mesa', 'OP', '4', '18:00:34'),
('73', 'FEMALE', 'Tempe', 'OP', '5', '23:15:49'),
('74', 'FEMALE', 'Mesa', 'OP', '4', '10:57:41'),
('75', 'FEMALE', 'Tempe', 'OP', '5', '04:59:53'),
('76', 'FEMALE', 'Mesa', 'OP', '4', '14:40:06'),
('77', 'FEMALE', 'Tempe', 'OP', '5', '06:12:30'),
('78', 'FEMALE', 'Mesa', 'OP', '4', '02:34:39'),
('79', 'FEMALE', 'Tempe', 'OP', '5', '15:18:56'),
('80', 'FEMALE', 'Mesa', 'OP', '4', '03:08:08'),
('81', 'FEMALE', 'Tempe', 'OP', '5', '03:00:05'),
('82', 'FEMALE', 'Mesa', 'OP', '4', '07:29:50'),
('83', 'FEMALE', 'Tempe', 'OP', '5', '02:29:54'),
('84', 'FEMALE', 'Mesa', 'OP', '4', '05:47:21'),
('85', 'FEMALE', 'Tempe', 'OP', '5', '07:40:55'),
('86', 'FEMALE', 'Mesa', 'OP', '4', '05:45:56'),
('87', 'FEMALE', 'Tempe', 'OP', '5', '08:52:21'),
('88', 'FEMALE', 'Mesa', 'OP', '4', '19:43:35'),
('89', 'FEMALE', 'Tempe', 'OP', '5', '05:09:29'),
('90', 'FEMALE', 'Mesa', 'OP', '4', '19:27:34'),
('91', 'FEMALE', 'Tempe', 'OP', '5', '10:55:27'),
('92', 'FEMALE', 'Mesa', 'OP', '4', '08:02:13'),
('93', 'FEMALE', 'Tempe', 'OP', '5', '18:27:39'),
('94', 'FEMALE', 'Mesa', 'OP', '4', '03:27:22'),
('95', 'FEMALE', 'Tempe', 'OP', '5', '00:54:56'),
('96', 'FEMALE', 'Mesa', 'OP', '4', '05:33:33'),
('97', 'FEMALE', 'Tempe', 'OP', '5', '22:59:26'),
('98', 'FEMALE', 'Mesa', 'OP', '4', '17:29:43'),
('99', 'FEMALE', 'Tempe', 'OP', '5', '11:33:27'),
('100', 'FEMALE', 'Mesa', 'OP', '4', '01:19:54'),
('101', 'FEMALE', 'Tempe', 'OP', '5', '07:50:40'),
('102', 'FEMALE', 'Mesa', 'OP', '4', '23:52:13'),
('103', 'FEMALE', 'Tempe', 'OP', '5', '12:05:49'),
('104', 'FEMALE', 'Mesa', 'OP', '4', '19:49:09'),
('105', 'FEMALE', 'Tempe', 'OP', '5', '17:14:58'),
('106', 'FEMALE', 'Mesa', 'OP', '4', '20:32:55'),
('107', 'FEMALE', 'Tempe', 'OP', '5', '02:57:50'),
('108', 'FEMALE', 'Mesa', 'OP', '4', '00:20:31'),
('109', 'FEMALE', 'Tempe', 'OP', '5', '10:00:50'),
('110', 'FEMALE', 'Mesa', 'OP', '4', '04:16:26'),
('111', 'FEMALE', 'Tempe', 'OP', '5', '15:40:42'),
('112', 'FEMALE', 'Mesa', 'OP', '4', '02:40:53'),
('113', 'FEMALE', 'Tempe', 'OP', '5', '09:08:49'),
('114', 'FEMALE', 'Mesa', 'OP', '4', '03:17:03'),
('115', 'FEMALE', 'Tempe', 'OP', '5', '11:52:58'),
('116', 'FEMALE', 'Mesa', 'OP', '4', '03:36:44'),
('117', 'FEMALE', 'Tempe', 'OP', '5', '05:47:15'),
('118', 'FEMALE', 'Mesa', 'OP', '4', '21:23:38'),
('119', 'FEMALE', 'Tempe', 'OP', '5', '12:40:12'),
('120', 'FEMALE', 'Mesa', 'OP', '4', '01:39:57'),
('121', 'FEMALE', 'Tempe', 'OP', '5', '05:22:28'),
('122', 'FEMALE', 'Mesa', 'OP', '4', '22:53:27'),
('123', 'FEMALE', 'Tempe', 'OP', '5', '07:42:43'),
('124', 'FEMALE', 'Mesa', 'OP', '4', '14:45:25'),
('125', 'FEMALE', 'Tempe', 'OP', '5', '01:09:32'),
('126', 'FEMALE', 'Mesa', 'OP', '4', '17:49:45'),
('127', 'FEMALE', 'Tempe', 'OP', '5', '06:01:34'),
('128', 'FEMALE', 'Mesa', 'OP', '4', '15:39:13'),
('129', 'FEMALE', 'Tempe', 'OP', '5', '17:48:50'),
('130', 'FEMALE', 'Mesa', 'OP', '4', '23:42:32'),
('131', 'FEMALE', 'Tempe', 'OP', '5', '12:04:02'),
('132', 'FEMALE', 'Mesa', 'OP', '4', '07:11:28'),
('133', 'FEMALE', 'Tempe', 'OP', '5', '07:33:45'),
('134', 'FEMALE', 'Mesa', 'OP', '4', '00:27:14'),
('135', 'MALE', 'Tempe', 'OP', '5', '21:20:51'),
('136', 'FEMALE', 'Mesa', 'OP', '4', '13:45:03'),
('137', 'MALE', 'Tempe', 'OP', '5', '05:31:45'),
('138', 'FEMALE', 'Mesa', 'OP', '4', '19:12:17'),
('139', 'MALE', 'Tempe', 'OP', '5', '00:33:05'),
('140', 'FEMALE', 'Mesa', 'OP', '4', '05:34:57'),
('141', 'MALE', 'Tempe', 'OP', '5', '09:09:45'),
('142', 'FEMALE', 'Mesa', 'OP', '4', '18:26:32'),
('143', 'MALE', 'Tempe', 'OP', '5', '07:02:47'),
('144', 'FEMALE', 'Mesa', 'OP', '4', '07:49:27'),
('145', 'MALE', 'Tempe', 'OP', '5', '20:19:36'),
('146', 'FEMALE', 'Mesa', 'OP', '4', '14:31:42'),
('147', 'MALE', 'Tempe', 'OP', '5', '03:23:40'),
('148', 'FEMALE', 'Mesa', 'OP', '4', '01:17:49'),
('149', 'MALE', 'Tempe', 'OP', '5', '12:38:59'),
('150', 'FEMALE', 'Mesa', 'OP', '4', '19:07:20'),
('151', 'MALE', 'Tempe', 'OP', '5', '14:37:34'),
('152', 'FEMALE', 'Mesa', 'OP', '4', '03:58:19'),
('153', 'MALE', 'Tempe', 'OP', '5', '16:52:03'),
('154', 'FEMALE', 'Mesa', 'OP', '4', '22:11:46'),
('155', 'MALE', 'Tempe', 'OP', '5', '11:35:44'),
('156', 'FEMALE', 'Mesa', 'OP', '4', '10:25:29'),
('157', 'MALE', 'Tempe', 'OP', '5', '15:02:01'),
('158', 'FEMALE', 'Mesa', 'OP', '4', '13:00:55'),
('159', 'MALE', 'Tempe', 'OP', '5', '19:36:24'),
('160', 'FEMALE', 'Mesa', 'OP', '4', '22:46:51'),
('161', 'MALE', 'Tempe', 'OP', '5', '15:11:57'),
('162', 'FEMALE', 'Mesa', 'OP', '4', '08:46:43'),
('163', 'MALE', 'Tempe', 'OP', '5', '06:46:12'),
('164', 'FEMALE', 'Mesa', 'OP', '4', '00:39:47'),
('165', 'MALE', 'Tempe', 'OP', '5', '15:49:07'),
('166', 'FEMALE', 'Mesa', 'OP', '4', '13:52:21'),
('167', 'MALE', 'Tempe', 'OP', '5', '13:24:28'),
('168', 'FEMALE', 'Mesa', 'OP', '4', '02:46:40'),
('169', 'MALE', 'Tempe', 'OP', '5', '14:24:52'),
('170', 'FEMALE', 'Mesa', 'OP', '4', '22:48:16'),
('171', 'MALE', 'Tempe', 'OP', '5', '05:53:01'),
('172', 'FEMALE', 'Mesa', 'OP', '4', '10:52:04'),
('173', 'MALE', 'Tempe', 'OP', '5', '18:33:00'),
('174', 'FEMALE', 'Mesa', 'OP', '4', '05:36:53'),
('175', 'MALE', 'Tempe', 'OP', '5', '21:28:03'),
('176', 'FEMALE', 'Mesa', 'OP', '4', '16:52:31'),
('177', 'MALE', 'Tempe', 'OP', '5', '09:22:09'),
('178', 'FEMALE', 'Mesa', 'OP', '4', '09:11:31'),
('179', 'MALE', 'Tempe', 'OP', '5', '00:45:55'),
('180', 'FEMALE', 'Mesa', 'OP', '4', '18:57:33'),
('181', 'MALE', 'Tempe', 'OP', '5', '06:21:33'),
('182', 'FEMALE', 'Mesa', 'OP', '4', '21:02:53'),
('183', 'MALE', 'Tempe', 'OP', '5', '13:53:28'),
('184', 'FEMALE', 'Chandler', 'OP', '4', '22:33:03'),
('185', 'MALE', 'Chandler', 'OP', '5', '09:04:00'),
('186', 'FEMALE', 'Chandler', 'OP', '4', '13:30:43'),
('187', 'MALE', 'Chandler', 'OP', '5', '10:24:13'),
('188', 'FEMALE', 'Chandler', 'OP', '4', '17:01:36'),
('189', 'MALE', 'Chandler', 'OP', '5', '15:13:04'),
('190', 'MALE', 'Chandler', 'OP', '4', '20:12:23');
COMMIT;

/*!40101 SET CHARACTER_SET_CLIENT=@OLD_CHARACTER_SET_CLIENT */;
/*!40101 SET CHARACTER_SET_RESULTS=@OLD_CHARACTER_SET_RESULTS */;
/*!40101 SET COLLATION_CONNECTION=@OLD_COLLATION_CONNECTION */;
